赞,89
 ,62682

,6178
行,218
夹心,1
年糕,45
不错,2609
好吃,1056
老板,180
弄,16
菜,433
哥哥,7
很棒,93
勤快,12
吃,2410
开心,83
好评,94
去过,115
每次,156
吃不完,67
炸鸡,40
打包,17
回去,12
芝士,54
锅,77
甜,21
辣酱,17
味道,2380
嘻嘻,38
一锅,6
火锅,349
一份,25
炒饭,47
加,81
一碗,11
米饭,14
两个,147
刚刚,16
团购,232
便宜,132
过年,8
打烊,7
相互之间,1
交流,3
说,220
韩语,1
汉语,1
无障碍,1
美味,18
服务态度,369
真的,212
一级,6
棒,90
服务员,364
素质,2
高,118
满意,249
态度,234
店,121
八台,1
站,2
哈起,1
上菜,137
块,15
排队,108
菜品,1745
看着,30
卖相,2
辣味,7
重庆,114
辣椒,14
干干的,1
一盆,3
煮,45
不一会,2
水,18
整体,35
感觉,468
方便面,6
白菜,13
😂,36
想,100
敲,1
帮,34
特别,342
戴眼镜,3
韩国,25
大叔,3
萌萌,4
哒,41
牛肉,143
特色,62
辛,2
拉面,7
辣白菜,7
分量,260
少,254
适合,87
吃量,1
不太够,2
好久没,10
这家,179
生意,89
要辣些,1
很足,81
建议,44
每锅,1
加份,1
口感,39
酥,23
那种,25
盒来,1
装,7
顺便,1
low,1
太,172
吃过饭,1
朋友,317
尝试,18
空运,1
食材,11
超赞,17
韩国菜,1
德,17
本家,17
👍,78
一如既往,124
喜欢,493
哈哈哈哈,21
爱,45
挺,495
很大,26
货真价实,2
辣,128
真心,70
≧,3
▽,6
≦,3
营养,3
服务,841
很饱,30
下回,6
还来,51
选,23
姐姐,15
帮忙,13
点,214
分,11
男朋友,15
完,177
东西,141
热心,5
下次,423
光顾,71
值得,277
推荐,366
顾客,85
挺不错,84
当天,6
过节,7
送,56
一瓶,11
可爱,7
得小酒,1
变,20
拼,10
肉肉,5
平时,17
韩剧,1
卷,55
韩式,24
辣着,1
团,94
两人餐,10
够吃,24
超级,110
✨,3
一家,81
泰一格,2
关门,4
剩,47
几次,207
放,17
明明,5
中式,5
前,10
室友,9
宋仲基,1
哈哈哈,38
一般般,42
多家,5
德本,1
观音桥,12
人山人海,1
有时候,17
终于,10
棒棒,58
这是,26
第二次,108
忘记,22
拍照片,2
拍,6
只不过,7
泡,5
素菜,24
一点点,13
鸡肉,31
划不来,1
😸,2
额,7
总体,130
很嫩,16
入味,6
外皮,1
味,40
小姐姐,10
满分,9
订单,3
急,1
还给,10
优惠价,2
付,3
现金,4
晚,71
教,1
退,5
钱,29
店里,58
火爆,12
环境,897
楼下,12
买,19
些小,1
甜品,40
害,6
好好,47
享受,7
自作孽,1
奥,2
๏,2
̯,1
͡,1
浪费,21
笔芯,3
•,4
̀,1
o,2
́,1
ง,1
部队,16
足,200
口味,221
正宗,51
吃饭,63
隔壁,8
桌是,1
女生,17
聊天,3
喝酒,10
接,4
听不懂,1
有辣,1
有酸,1
以辣,1
呛,2
温和,2
蔬菜,13
蛮足,1
吃够,2
味儿,3
重,14
小憩,1
闲聊,1
米酒,4
几家,6
反正,50
物超所值,6
吃货,20
口福,1
热情,193
搭理,5
玩,18
理解,11
几个,37
自生自灭,1
沙坪坝,20
离开,2
第一次,138
客人,16
黏糊糊,1
懂,2
好次,2
家,69
跟不上,4
筷子,6
现装,1
先装,1
两双,2
用到,1
非,2
一把,3
分给,1
啥子,5
哈迈,1
美团量,1
好像,33
挺好吃,53
哈韩,1
MV,1
强烈推荐,69
不划算,7
量,37
还加,6
好多,91
忘,15
补,14
他家,45
面,13
裹,2
硬,7
农心,3
很早,4
感谢,7
提醒,11
无数次,15
次次,3
南坪,4
每隔,2
一段时间,6
必去,5
好久,20
时间,27
炸鸡肉,1
嫩,40
!,29
干净,101
安静,16
舒服,33
很快,52
86,1
套餐,42
吃得饱,17
钟爱,1
叻,1
芝心,1
肉,112
偏辣,6
份量,134
再足,1
一点,92
更好,49
弟弟,3
小孩,47
锅比,1
想象,13
中,24
锅里,4
二分之一,1
白菜叶,1
鸡蛋,4
蛋饼样,1
太大一,1
坨,2
小点,3
膨胀,1
大锅,4
卖,4
乖,1
妹子,5
腻,11
锅底,106
略辣,1
脑仁疼,1
算是,21
情调,2
撑,56
早,37
一年,1
满满的,3
泡面,1
价格,262
实惠,182
小迷,1
妹儿,2
😄,34
😉,6
😍,7
段时间,1
咯,13
服务质量,5
久,46
一回,2
尝尝,13
有空,4
不吃,11
男票,12
确实,67
儿子,9
排骨,9
过段时间,1
还点,5
卫生,63
次,42
回头客,17
炒鸡锅,1
新出,2
很赞,31
性价比,133
怠慢,6
忠粉,2
料理,1
一去,25
❤,1
支持,12
🤔,3
口,3
娃娃,3
鸳鸯锅,24
挺足,7
越来越,37
贵,79
吃不饱,6
变小,1
迷妹,1
人点,7
三人餐,1
店面,24
服务周到,57
中辣,2
超,19
单点,6
炒鸡,11
三个,56
够,50
地方,137
消费,39
速度,46
太撑,1
加强版,1
火鸡,1
太辣,16
一口,4
遭,2
不住,2
喝,54
小半碗,1
汤,161
好喝,91
记不得,2
热,20
勉强,5
不难,6
去年,5
圣诞,1
冬天,9
暖,1
🌵,3
还会,205
稍微,24
价格公道,5
人去,44
太能,3
没够,1
想着,3
店家,51
好哇,1
甜辣,3
很脆,4
爽口,6
月,13
记得,12
惊喜,6
合适,37
贴心,22
照顾,3
乡里,1
娃,1
中午,117
妹妹,15
验,1
码,2
后厨,3
公司,10
电话,4
事情,7
办法,5
留,3
还好,132
吃饱,20
我留,1
一半,8
狼吞虎咽,1
做,49
感动,5
说实话,9
这份,1
真,11
家人,43
老妈,5
天天,1
念,1
寿司,67
外面,20
店铺,3
来过,18
52,1
土豆,20
鱼饼,2
里,18
半个,6
配料,2
小贵,16
机会,73
第三次,18
小伙伴,12
十足,7
没法,3
人开,1
一种,10
和谐,2
不像,5
吵,14
坏境,1
熟,4
很辣,18
💛,1
双拼,1
瘦子,1
不到,16
不太,28
矿泉水,1
全是,12
吃个,2
新鲜,567
小吃,128
正好,8
挤,14
人不多,14
冲着,5
是因为,9
二人,5
餐,7
饭量,3
觉,2
欠,6
男生,5
真有,1
搞,10
发辣,1
包,6
馅,1
两块,1
双人,2
位置,278
好找,180
依旧,7
ok,2
力,9
关键,30
大融城,1
情侣,6
约会,3
希望,123
上次,27
香蕉,2
排,16
high,2
不软,1
蛮嫩,1
黑,28
酱油,3
充足,6
纯辣,1
烤鸡,9
用餐,27
点赞,12
😊,42
噢,16
你家,8
T,2
伤心,1
跑,7
麻烦,6
周到,62
狠足,1
酌情,1
量理,1
母亲节,1
妈妈,15
稍,7
还会来,40
90,3
微辣,18
甜酱,1
烟味,1
星天,2
缺点,6
另一家,2
健康,6
饮食,1
无水,2
油腻,10
新,17
试试,35
点水,1
菜色,13
中规中矩,6
要说,4
年轻,3
扎,3
马尾,1
穿,10
黑色,2
长袖,1
恶心,1
掀,1
桌子,19
问,24
吃不来,1
妈来,1
嘴里,3
焦麻,1
笑,4
死,1
没什么,36
云,4
代沟,1
凸现,1
木有,4
˘,2
ω,4
正题,1
偏贵,9
慢,28
各顾,1
金港,2
国际,1
辣不香,1
亲们,4
不用,46
特,11
大爱,11
锅到,1
习惯,14
酱太辣,1
装修,40
不怎么样,14
算,61
解放碑,13
紫菜,3
包饭,3
油,13
想吐槽,1
煎,25
饺,5
八块钱,2
陷,1
区别,4
正中,1
女朋有,1
带来,1
好辣,2
早该,1
少放点,1
聚会,52
飞,2
飞蛾,3
喊,9
勺子,3
倒掉,1
一句,3
抱歉,5
图中,1
小黑点,1
辛辣,1
多辣,1
少辣要,1
提前,38
说话,5
主动,16
少油,1
看中,2
过辣,1
第一餐,5
重庆火锅,23
却是,2
食欲,8
拉丝,1
不辣,20
烫,18
烧糊,1
😣,1
要绒,1
关,3
火,3
🔥,2
没熟,2
😰,1
换,51
那层楼,1
光线,2
滴,12
柴,2
实话,1
量足,5
周末,21
人多,48
越来越少,10
...#,1
##,166
自已,1
安逸,25
欧巴,1
圣诞节,2
女朋友,8
商场,3
九点钟,1
商店,1
八点,3
多去,1
没想到,6
礼物,2
到位,18
要点,4
我图,1
两人,7
饿,5
单人,1
实质,1
刺激,2
喝水,3
难,6
找,80
六楼,1
广场,25
走,40
错,11
转,6
一大,8
圈,2
祝,10
愉快,14
楼,1
一出,1
电梯,4
看得见,1
不太高,1
闲,1
最先,2
开业,7
46,2
最多值,1
十块钱,2
搭配,14
68,2
涨,9
几块钱,2
点儿,7
惯,2
挺辣,1
试,4
加石锅,1
拌,16
饭,33
太挤,2
干,6
晾着,1
划算,139
越,46
拉,7
本来,30
听,9
等位,8
辣得,4
蒙逼,1
思考,2
水是,1
干嘛,3
选择,71
放弃,2
🌚,1
鸡翅,10
人超,3
物美价廉,18
配,9
剩下,8
减,5
酱料,7
省事,5
人餐,43
完后,6
唯一,41
饱满,1
😋,7
价钱,11
尝鲜,2
目的,1
原因,13
刘海,1
盖住,1
半张,1
脸,2
小哥,9
不好,76
牛,9
x,1
哄哄,1
店门口,1
安排,10
座位,6
两眼,1
不理,2
门口,19
接待,5
醉,5
心,12
没得说,7
员工,5
礼貌,7
味好,2
淡,7
常吃,2
拍照,14
😏,12
没吃过,2
没多大,1
12,14
坐满,4
还阔,4
蛮辣,1
菜里,3
大部分,6
人耶,1
细心,5
小心,6
掉,4
地上,5
一双,3
学校,6
大一,1
手语,8
队,7
一员,1
参加,2
策划,1
活动,18
听障,1
感情,1
过瘾,15
请来,1
方磊,1
老师,2
能力,1
一模一样,1
厉害,5
庆看,1
无声,6
餐厅,19
不好意思,13
内向,1
38,3
油碟,15
出品,1
中等,2
底料,21
现开,1
回答,2
厕所,9
简单,3
教学,1
知识,1
刚出,1
轻轨站,4
打电话,18
旁,4
陪,3
呼叫器,1
事,3
呼叫,1
接受,11
饭店,3
交通,10
住,9
步行街,5
火锅店,22
聋哑人,16
善心,1
残疾人,3
提供,13
工作,5
表演,9
常去,11
一群,3
旅游,7
刘,7
一手,3
不算,26
香,14
节目,6
聋人,1
胜有声,1
谢谢,16
服务生,6
♡,4
怂,1
辣锅,2
靠窗,9
夜景,2
很漂亮,3
添,4
手机,11
打字,1
",2
漂亮,9
人员,14
八人餐,10
八个,12
七点,4
适中,21
爱心,5
爽,16
大厅,5
电影,6
好字,2
依然,11
开开心心,1
鸳鸯,13
精品,10
肥牛,105
费解,1
红心,3
鲜鸭血,10
毛肚,140
聋哑,2
坐在,4
丝毫,1
顾及,1
倒,11
用心,8
聚餐,91
两桌,10
店员,13
方式,6
养活,1
沟通,3
卡片,1
这才,1
慈善事业,1
鼓吹,1
作秀,1
张扬,1
开,25
一百年,1
尊敬,2
巴适,58
好店,1
品尝,20
超棒,3
抽奖,2
有意思,1
只得,1
信奈,1
慈善,1
极好,2
宽敞,4
温馨,5
隆重,1
角度,1
解决,6
弱势,1
人群,1
就业,1
中途,7
琵琶,2
女,9
端庄,1
大气,5
一曲,1
语,5
仙乐,1
耳,1
暂明,1
舞蹈,1
歌曲,2
点亮,1
生命,1
精彩,1
客观,1
听不见,2
美中不足,4
关注,4
这方面,1
就餐,19
就业机会,1
企业,1
鼓励,1
相对来说,1
店贵,1
狠心,1
体验,16
传递,1
晚上,50
还排,1
吵闹,2
银耳汤,31
醪糟,11
汤圆,48
水果,139
n,19
次来,11
优质,1
首选,20
加油,6
无骨,8
凤爪,10
肉片,46
四个,55
今晚,2
地道,17
贵咯,1
物流,1
宝贝,8
好看,6
图片,9
相符,1
店主,1
信用,1
压根,2
内堂,1
宽敞明亮,1
一顿,7
质量,16
冷天,1
空调,17
搜,3
发现,32
评价,42
稍稍,3
身为,2
陕西人,1
吃火锅,81
沾,3
芝麻酱,5
幸运,3
南瓜饼,8
解腻,2
累,2
友好,2
抽,2
代金券,10
话,4
现场,8
打开,4
大赞,7
用券,3
吃法,3
客气,8
网上,11
肉食,1
主义者,1
鲜,60
千层,16
肚,12
鸭肠,85
常客,14
味道鲜美,11
辣劲,1
那次,2
优雅,35
励志,1
收银员,12
屠场,1
鹅肠,7
障碍,1
宝宝,11
答应,1
耐心,10
荤,5
山珍,7
菌香,1
碟,17
酸梅汤,12
二人份,1
氛围,13
豆芽,15
没肉,2
很久没,13
荤菜,20
新意,2
清汤,11
姐夫,2
好几样,1
两样,7
13,1
素,3
改成,2
10,16
加一,1
天,3
凉快,7
时,10
改为,1
花生,12
浆,2
自由,1
撒尿,3
牛丸,3
鹌鹑蛋,10
太有,1
点菜,28
差,38
能点,1
井水,1
豆腐,29
美团,44
四人餐,34
鸭肠量,1
梅子,14
酒都,2
团个券,1
点点,11
阿姨,53
巷子,2
不太好,14
辨识,1
蘸,6
料,3
山东人,1
特意,9
找到,12
没话说,3
过后,10
多年,5
白吃,1
抱,2
麻辣,40
试一下,5
很麻,1
地地道道,2
够味,8
一周,3
旅行,1
真是太,1
上定,1
没想会,1
学生,8
随叫随到,3
记忆,3
老灶,2
海,1
糟,5
蛋炒饭,17
香菜,11
丸子,13
秘制,1
酒,21
耙,6
脑花,25
糊,3
珺,2
花,16
耗儿,18
鱼,59
手工,7
粉,8
贡菜,1
对得起,10
打折,10
力度,4
再大点,1
鲜牙,1
梗,1
郡花,1
腰片,1
鳕鱼,1
点多,7
周一,2
周四,1
券超,1
苕,4
芍粉,1
香辣,3
外地人,6
湖北,1
辣蒙圈,1
信,2
要赞,4
评论,26
四人,10
很撑,2
全,15
第一家,4
五人团,1
太忙,4
墙裂,4
五星,9
前台,26
价位,32
同学聚会,2
过生日,14
醉人,1
肉丸子,7
超爱,2
蛋,2
炒,28
飯,1
肉圆,1
人气,10
很旺,4
爽爽爽,2
大学,10
纸巾,5
工作日,1
俩,4
省,6
一百,7
算下来,3
五折,1
太爽,1
异地,1
年,2
想念,1
家乡,1
同学,28
悠着点,1
泡椒,3
肚子,14
痛起,1
串,5
金针菇,21
卤,1
串串,2
收银,2
小妹,4
美,10
团团,3
女人,1
生去,1
酸梅,4
汁,18
地址,3
偏,15
超足,2
红汤,26
广味,1
香肠,1
围裙,4
旁边,30
火出,1
两张,5
没用,1
好又多,1
小学,1
路口,1
半天,14
一桌,9
单价,1
20,9
券,13
红,6
碗装,1
放在,2
筲箕,1
连口,1
米,5
下午,12
熬,8
九宫格,3
点太多,1
回,12
必来,2
人均,8
抵用券,2
不让,3
只能,23
优惠,30
拆成,1
加咯,1
😐,1
第一,7
强,4
衣服,11
亲切,7
加一点,1
红油,7
🙋,3
店内,7
装饰,2
复古,2
强推,3
老店,6
外地,16
地带,1
浓郁,7
积极主动,1
招牌菜,3
小火,1
蒜,2
莲藕,3
家庭,7
古风,1
古色,1
满座,2
学姐,1
更爽,1
三年,3
前上,1
怀念,1
88,1
团四人餐,1
可口,7
后劲,1
晕,1
太好了,18
太吵,2
第二天,7
拉肚子,16
排气扇,1
孕妇,1
强烈要求,1
解释,2
理睬,2
干掉,1
大碗,1
300,5
元,32
订,8
一共,6
单行道,1
玩境,1
十三个,1
美团券,5
随意,1
组合,1
环境优美,24
公道,1
光临,11
璧山,16
必吃,4
梅林,4
午餐肉,8
麻麻,2
嗨,6
功夫,1
黄瓜,2
加菜,15
太慢,15
鲜鹅肠,14
鲜鸭肠,24
黄瓜片,2
子母,2
莴笋,4
尖,4
南瓜,10
太晚,1
太好,10
一百多,5
幽静,1
猪肝,1
花椒,3
满满,3
理由,2
阔以,2
第几次,5
很巴适,5
休息,5
木耳,3
换成,5
野生,3
logo,1
自以为是,1
大人,19
午饭,2
晚饭,2
老爸,3
一家人,22
自助,150
豆干,2
冻成,1
豆皮,2
商家,20
六人,6
五个,14
人吃加,2
100,7
偏僻,3
九素,1
不行,21
196,1
带鱼,2
血旺,3
冷清,1
足够,16
蘑菇,4
鲜郡花,6
板,6
美美,4
菜量,38
成年人,2
绰绰有余,1
点个,4
多收,2
50,5
闻到,3
好忙,1
气味,2
菜点,2
两百,2
七十多,1
冰,3
机器人,41
舒适,15
挺大,3
隐蔽,1
古典,1
通风,5
身上,8
声音,1
太小,8
空间,4
大叫,1
大声,1
选材,1
正,11
对人,1
热情周到,12
不二,3
之选,1
购买,11
服务到位,7
对味,1
不用说,8
nice,4
改进,33
喔,9
同事,34
六个,13
完折,1
233,1
喝了酒,1
电视塔,6
公园,7
后门,1
饮料,130
齐全,51
第四次,3
迟,4
桌,7
忐忑,1
不近,1
意,1
想到,9
令人满意,3
个人感觉,7
怎么回事,2
留住,1
匆忙,1
脚步,1
离家近,22
熟悉,10
十点,3
前天,1
值班,1
涨工资,1
敬业,1
说好,7
壁山,1
欲罢不能,1
偏少,7
偏多,1
老家,2
冻货太多,1
7.8,4
折,10
五十,2
单独,5
试着,1
地好,7
价格便宜,23
区别对待,2
爱上,1
去渝宗,1
N,14
吃少,1
加个,1
足足,2
滋巴,1
加点,3
黄,1
糖水,1
很多很多,5
特辣,1
买单,6
嘈杂,6
大众,9
催,6
忒,1
男,4
嘴巴,3
肿,1
浑汤,2
渝,18
宗,9
出名,2
OK,10
山药,5
汤底,4
丰盛,10
包厢,1
不太给力,1
帮帮,1
最有,1
属,1
兑换,2
恼火,2
询问,6
适度,1
专业,2
意见,8
导致,5
猪,6
黄喉,5
推销,1
江小白,1
美女,12
诚信,2
参考,4
太贵,8
离谱,1
收费,10
多贵,1
不去,4
值,11
特色菜,1
宗老肉,5
杠杠,3
自助餐,56
小朋友,24
吃药,1
过得去,2
感受一下,1
经典,2
偏啦点,1
11,5
点多钟,1
没人来,2
太厚,2
上火,8
越辣,11
從來,1
評價,1
浪費,1
積分,4
自從,1
抵現,1
金,2
時候,2
後,2
來,1
這段,1
話,1
複,2
製,2
即能,1
賺,1
還,1
特別,1
認,1
評論,1
快樂,1
坏,6
不差,1
酒水,37
付现金,1
差点,12
没带,1
走不脱,1
送菜,5
修,1
遗憾,10
一声,3
端正,1
还过得去,1
订购,1
阔,2
非常适合,2
非常高兴,1
价廉物美,9
招待,3
亲友,1
先,11
新招,1
对此,1
实在,12
不想,16
咨询,2
事宜,1
跟上,3
呆萌,1
嫩嫩的,1
就近,1
失望,12
纯正,4
忍不住,2
赞叹,1
女子,3
⋯,24
好菜,1
好玩,1
品质,11
物美,1
人太多,29
毛病,1
空,8
包房,18
要加,5
卤菜,9
牛蛙,12
黄辣丁,5
小点心,18
食品,9
坐,19
家庭聚会,2
可惜,21
啤酒,17
冻过,1
总得来说,7
前女友,1
见证,1
爱情,1
多人,2
两次,25
王老吉,7
鱼肉,24
饼干,4
样,3
盘子,12
清洁,3
如果说,1
热爱,1
餐饮,1
进一步,1
未来,1
发展,1
方向,4
随便,27
开吃,2
爬满,1
小虫,2
水晶,1
shao,2
收,25
人少,17
父母,4
人比,1
要少,1
略少点,1
包括,3
费,16
价格合理,10
鸡尾酒,16
番茄,23
卤鸡,4
腿,11
品种,103
虾,118
💃,1
油锅,2
凉茶,1
培根,14
城南,7
多点,11
奢求,1
乱,1
更新,13
蒙,1
锅铲,4
国,1
并不多,1
😁,15
款,2
领,4
拿脏,1
最辣,2
小米,5
闷,2
排气,1
种类,133
费和油,1
完美,19
要收,1
几十元,1
不合理,2
居高不下,1
西瓜,45
昨天晚上,1
下班,6
说真的,2
一分钱,1
一分货,3
这步,1
应为,1
感冒,3
尽兴,4
社团,1
说起,1
过好,1
佬,2
炒菜,4
还少,1
💰,1
经济,28
无非,1
价廉,2
不多不少,1
通病,1
晕乎乎,1
喝醉,1
上新菜,1
冻食,1
鸡精,1
调味,3
味精,3
肯定,21
太闹,2
太多人,1
价,9
样式,9
大妈,6
糟糕,1
前厅,1
地面,1
脏乱,1
早点,15
那天,23
15,6
元油,1
99,2
看门,1
大势,1
菜样,4
丰富多彩,1
奈斯,1
牌子,2
宽阔,2
配多,1
五十多,1
亏,3
整个来说,1
写下,1
点评,2
提示,1
距离,3
之家店,1
常州,1
可贵,1
快递,1
配菜,17
45,4
块钱,9
样子,12
货,2
几种,6
咸菜,1
搞好,1
冰冷,1
星期天,1
收拾,8
包间,7
气氛,2
但油,1
旺,1
摆在,2
两边,1
拿太多,1
免得,2
撤,1
来得,3
火锅城,1
毛血旺,2
小王子,1
代言,1
舍友,1
生日,22
嘉陵,1
风情,1
地段,2
再辣,2
麻,3
期待,7
種類,1
感覺,1
汤料,4
小孩子,12
120,5
全票,4
涨价,14
棒极了,4
人太多勒,1
新来,3
和蔼,1
☺,3
胃口,10
部门,6
伙伴,1
一会,17
调料,28
极高,3
各类,3
数量,3
点心,37
管够,2
白酒,1
免费,52
主食,3
地理位置,3
优越,1
月亮,1
田,1
具备,1
繁华,1
现加,1
加多宝,6
八仙桌,1
热闹,6
彩屏,1
洋芋,1
茼蒿菜,1
一会儿,12
很香,5
明天,2
打算,9
北碚,1
老城区,1
西南,1
培训,3
新城,1
咸,14
很全,8
多元化,1
点单,1
再大些,1
一下下,4
佐料,3
级,1
啊啊啊,4
百度,1
冻货,2
赶上,2
两位,2
砍,2
人才,7
算好,2
回来,22
寝室,4
羊肉,21
恩,2
店要,1
口碑,2
八错,1
火关,2
熄,3
来关,1
起码,1
节约,5
汹汹,1
醋,3
马马虎虎,3
记忆力,1
无需,1
多样化,3
亲朋好友,3
好去处,7
很假,1
有加,1
多宝,1
呆,1
很想,1
凉菜,25
进,5
医院,1
提升,4
鸭菌,2
有待,19
提高,15
一饱口福,1
多一点,7
差别,4
超多,5
后悔,4
好哟,4
场所,1
很理,1
办公室,2
66666666666666666666666666666666666666666666666666666666666666666666666666666666666666,1
小料,1
暗,1
可怜,2
6666666,1
状元,1
碑,1
改了,3
供应,14
提,5
老人,13
糕点,38
粥,7
比去,1
餐位,6
油底,1
作料,4
增加,19
与时俱进,1
不断改进,1
完善,1
就可以看,1
嚼,3
不烂,1
薄,2
红火,1
对手,1
升级,12
竞争,2
成长,1
消费者,2
不足之处,1
杂,2
货品,1
本钱,1
就够,2
凑,4
字数,6
字,31
选菜区,1
飞虫,1
好点,10
菜种,1
∩,2
预定,15
多样,11
班级,2
长期,9
再接再厉,3
茼蒿,5
八卦,1
形,1
灰常好,1
酸奶,33
好极了,6
爸爸,3
五岁,1
甜酒,2
小米粥,1
三大,1
一小,6
三张,1
只付,1
很会,2
做生意,3
鱿鱼,28
墨鱼,8
牙,1
五份,3
份,12
翅,7
个样,1
调味品,2
调,3
负责,4
带走,2
捡,1
吧台,2
表扬,6
嘻嘻哈哈,4
叫加,1
提了,1
一壶,1
白开水,2
一如,9
即往,4
补充,4
不狗,1
团结,1
党,3
到家,1
高峰,2
里算,1
改善,12
卫生间,1
好脏,1
杂物,1
堆放,1
漂浮,1
油花花,1
饮品,10
边聊边,1
太咸,2
差强人意,1
饭后,1
很甜,5
爱理不理,4
心情,8
无限,1
很爽,10
十多个,1
样品,2
网购,2
花样,4
脾气,2
好凶,1
饱饱,11
⊙,4
江湖,1
系列,2
实验室,1
油炸,2
肉类,22
另加,2
家里人,4
小宝宝,1
想换,1
积分,6
昨天,10
商城,1
兑,1
物品,1
有油,1
畅饮,2
吃点,3
麻酱,2
烧烤,23
优点,4
气,1
小聚,6
闹,2
现炸现,1
满身,2
暖洋洋,1
热乎乎,2
秩序,1
发了,1
回头,5
算够,1
哈吃,1
整洁,8
亮堂,1
这段话,3
复制,2
复制到,2
玩耍,1
顶顶顶,5
家去,2
全家人,2
费贵,2
哥们,1
冰冻,4
下锅,2
型,1
拥挤,4
爆棚,2
第二轮,1
酱,6
饭点,5
人多时,2
忙不过来,9
鲜美,17
娃肉,1
红酒,9
洗,2
油碟费,2
很不纯,1
吃不下,4
卤味,1
多点儿,1
恐怖,1
奇怪,4
虫子,3
O,1
很鲜,14
超高,7
地沟油,1
黑黑的,1
爆满,3
接近,2
小时,22
生意兴隆,13
有点咸,10
很差,3
扣,2
66666,1
优势,4
十几个,2
傻,1
狍子,1
好开心,1
补齐,1
周三,2
太坑,1
熟菜,1
辣到,2
直,3
前几次,2
强力,2
海鲜,113
服,3
劲,2
泡菜,7
很近,13
散步,1
赞赞,7
赞赞赞,4
长大,1
闺蜜,8
说走就走,1
旅程,1
意大利,5
梦想,1
遥远,1
愿望,1
日子,1
红红火火,2
.....,4
十八,3
180,3
相当于,3
十块,2
免,1
色香味,5
俱佳,2
端菜,4
鸭,6
血,5
三份,2
bu,1
 ,2
neng,1
灰,1
常有,1
吸引,4
鼓,1
偷工减料,1
苹果,6
道路,1
甘,1
灰常灰常,1
强烈建议,1
送餐,1
图个,2
清静,2
上渝宗,1
睡渝宗,1
老肉,5
抵用,3
700,2
精致,10
老婆,6
慢爽,1
环境卫生,10
老巴适,1
惊呆,1
32,2
个赞,2
更是,2
传菜员,1
好萌,1
已来,1
热衷于,1
不论是,1
最棒,1
貌似,6
受欢迎,2
高大,14
格调,3
空气,4
巴士,2
最烦,1
是非,1
清净,3
喧闹,1
亲,1
滑,10
机器,3
紧到,1
好人,2
好慢,1
算错,1
狠狠,1
狠,2
足有,1
上涨,1
198,3
248,1
估计,17
用卷,3
科学,3
很受,1
流失,1
孃,8
四人团,1
引进,1
好多钱,1
五百多,1
店堂,2
暖心,1
春节,5
犹豫,2
古香古色,1
桌椅,2
擦,3
湿巾,1
纸,5
脏,3
一行,3
海得,1
临走,1
一件,2
结账,5
176,1
发票,5
平衡,1
原谅,1
总评,1
一颗,1
星,3
离爱尚,1
逛哈,1
腰花,6
红汤够,2
麻够,2
新颖,2
爆,7
昏汤,1
挺巴适,1
麻辣味,3
禾,1
庄和渝宗,1
两家,2
违反,1
佳,6
晓得,8
娃儿,5
道个,1
歉,1
幸好,3
大碍,1
请客,7
写,11
十五,9
辛苦,2
三次,5
象,1
温暖,2
比渝和庄,2
黑个,1
鸭血,5
七八个,2
大写,2
得赞,1
很值,5
竹笋,6
挺脆,1
古色古香,2
人加,2
老板娘,29
五分,5
男服务员,1
笑容,1
不厌其烦,1
掺水,2
打饭,1
回家,10
次团,1
多份,1
银耳,2
人餐够,1
三口,5
介绍,10
古装,1
菜太多,3
碟子,2
打烂,1
会常去,2
交易,4
成功,3
太麻,1
超好,20
几天,5
总的说,1
预订,5
同价位,3
190,1
菜单,5
收银台,3
电脑,1
爱点,1
讲,5
藕片,9
打包带,2
辣惨,1
挺棒,2
璧,1
山下,1
暴雨,1
趟水,1
前去,3
世界,3
懂得,1
餐具,4
石磨,1
憨,1
哈胀,1
菜式,6
整足,1
撒,3
垫,1
冰块,2
不开森,1
惨,10
比名,1
豪,1
总得,1
牛肝,15
改变,5
价优,1
清幽,1
远眺,1
惬意,3
团渝宗,1
大刀,1
宗老灶,2
快菜量,1
海带,9
赞不绝口,2
0.0,1
鱼鳅,2
子,9
母锅,1
试试看,2
保质保量,1
好几个,5
忙前忙后,1
冷淡,1
小馆,1
馆,4
调调,1
得主,1
城,4
浑,1
停车,19
稍少,2
太低,2
下图,1
帅哥,14
七夕节,1
少来,1
小菜,10
五片,1
30,5
就定,2
真理,1
不说,1
碗,7
机不可失,1
失不再来,1
148,1
較,1
環境,1
服務態度,1
节假日,3
节日,2
忙,7
情况,4
希,1
双碑,1
别搞,1
辣勒,1
味美菜,1
厅堂,1
曲折,1
请问,2
路,4
大门,2
连续,1
传统,3
哗众取宠,1
朴素,1
路线,1
店店,1
档次,6
40,2
物有所值,2
很淡,1
一试,9
没次,2
逛,2
完砂,1
船,1
没空,1
理,1
很巴实,1
80,4
团到,1
正餐,1
绕,1
一下子,1
招,1
每份,3
爷爷奶奶,2
好多好多,5
逛公园,1
消食,1
预约,15
购价,3
涨得,2
国庆节,1
听说,10
只想去,1
三人,3
贵些,1
大门口,2
道,3
远,9
爸妈,8
全家,6
挑剔,3
自行,1
体会,1
天呐,1
Q,4
频率,1
有美团,1
一副,2
给钱,1
打折扣,1
比较满意,12
路过,4
之间,2
还常,1
穿来穿去,1
头发,10
一身,1
挡不住,1
需,2
努力,5
有好有坏,2
有个,13
先团,2
绵不脆,1
味道不好,5
虾饺,10
备注,1
出入,1
两份,8
太嫩,1
太高兴,1
粉条,2
估计量,1
门面,3
外,3
下雨,2
新世纪,3
赛博,2
对面,17
有人,8
她家,2
巨,2
爆多碗,1
爆撑,1
郡,3
斜对面,6
比较忙,2
不敢恭维,5
血块,1
划得来,2
饱量,1
辣而香,1
佷,1
两男两女,1
十个,4
香油,2
盛,2
夸一夸,1
快速,2
便捷,2
打通,1
幸亏,1
打油,2
稠,2
十五个,1
很正,6
长去,1
地点,6
够味儿,2
目测,2
一位,2
帅气,1
菜少,3
流口水,3
珍珠,1
各个方面,2
耍,2
聚常去,1
八人份,2
太重,1
全身,2
自主,3
开票,4
五六块,1
照给,1
烤鱼,5
音乐视听,1
人团,7
四人份,2
它家,3
常见,4
过段,1
收藏,2
慢慢,4
品,1
赠品,1
临时,4
总,13
停不下来,2
师傅,8
指甲,2
敷衍,1
还算足,1
其他人,3
夸张,1
矫情,1
狗,1
请,24
转弯,1
菌花,1
吃得开,2
老公,20
照相,3
第一顿,3
...........,1
用料,3
挺快,13
不太足,1
不需,2
团年饭,3
七个,6
哭,6
特色小吃,1
那就算了,1
恶灵,2
骑士,2
我发,1
口腔科,1
JJ,3
楼梯,1
阡陌,1
无聊,1
简历,1
可儿,1
YY,1
魔图,1
V,1
IP卡,1
图,7
旅途,1
五天,2
RPG,1
窟窿,1
食量,1
八人,1
霸道,7
台,6
缺憾,1
鸡爪,1
红锅,2
更佳,1
全红锅,1
要命,1
愈来愈好,1
31,1
号,6
不接,1
之好,1
十次,2
新世界,1
小道,1
德克士,1
不知,3
远道而来,1
主人,1
咱大,1
招牌,2
鲜香,2
刚下,1
火车,1
一个三岁,1
孩子,32
少啦点,1
168,1
动手,2
肚子痛,1
菜蛮,2
四人来,1
成都,2
别眼,1
相待,1
硬拉到,1
角落,2
算了,1
依好,1
出差,2
必点,6
我家,22
四人点,1
128,1
两道菜,1
好撑,2
定去,1
此店,1
快快,1
一到,2
晚餐,15
但路,1
齐齐,1
较足,1
恶劣,2
老字号,1
兜,2
圈子,1
不太开森,1
黑久,1
雅间,1
设计,2
老人家,1
400,1
但点,1
很绕,1
迎合,1
今天上午,1
面条,8
麻在,1
嘴边,1
过把瘾,1
屈服,1
合胃口,1
说太好,1
伤人,2
完时,1
月份,2
一圈,2
临江门,2
记忆犹新,1
新疆,2
飞机,2
第一站,1
爽翻,1
够劲,2
汗,3
淌,1
嘴瘾,2
坐位,1
等候,2
大姐,13
起身,1
那位,3
细节,3
盆友,2
一盘,5
鬼,1
广西,1
不介意,2
告知,2
牛排,223
地铁,1
反,1
鸭肠脆,1
脆,3
难吃,11
一股,3
猫,1
来回,2
冷不丁,1
脚下,1
担惊受怕,1
替替,1
具体情况,1
九个,2
总共,1
四百多,1
奔,5
粉丝,30
死板,1
加价,2
店贵些,1
租金,1
真不错,7
火辣辣,1
锅边,15
馍馍,10
鸡汤,39
炖,6
软,7
板栗,81
太久,5
最初,1
香味,3
季节,4
我定,2
几百块,1
瓶,2
大维,1
鸡,72
青椒,4
竹孙,1
鸡血,6
进门,3
来接,1
饼,7
脆脆,1
手,8
擀面,1
端上来,3
好鲜,1
汤挺鲜,1
甜甜的,2
太老,1
咬不动,5
之外,6
需求,3
清淡,39
糯有,1
清香,1
综合,2
喝汤,6
补身,2
清清爽爽,1
馍,4
活捉,2
凉拌,4
耳根,1
养生,17
🌰,1
汤汁,4
分店,6
内脏,1
加工,5
色泽,2
艳丽,1
大味美,1
开动,1
养身,11
去处,2
美容,2
养颜,8
助眠,1
瘦身,1
六人餐,13
土鸡,5
小帅哥,6
糯,6
很浓,12
👌,3
好足,1
汤是,4
金黄色,1
粘稠,1
豌豆,1
拿来,3
第一天,1
美食,9
山,1
土黄,1
脚鸡,1
扇贝,87
便利,3
莱,1
天吃,3
汤锅,17
十人餐,1
厨师,8
稍快,1
再点,2
高估,1
з,1
∠,1
汤好,2
再也,6
浓稠,2
带有,1
几年,6
家店,2
楼上,7
等待,6
烹饪,1
鸡胸肉,1
煲汤,2
无论是,2
宴客,1
打成,1
醇厚,2
稳定,2
经理,8
｡,2
･,2
ﾉ,2
ﾟ,2
Д,1
大都会,1
美食城,1
毫不犹豫,1
弹,3
本店,3
上海,1
接风,1
贵店,1
菜足味,1
多年未见,1
相聚,2
有聊,1
一座,1
未,1
催促,1
👏,4
🌺,1
🌹,1
天气,2
以往,3
好吃好喝,3
家住,1
耒贵店,1
省时,1
省钱,2
待客,3
大份,1
王府井,2
百货,2
吃完饭,4
逛街,2
味美鲜香,1
老少皆宜,3
丶,1
畅,2
五一,1
假期,1
人真多,1
光光,2
老客户,7
足矣,1
老生常谈,1
黑衣服,1
没热情,1
整顿,2
人员素质,1
苍蝇,1
先宰,1
煲,1
一阵子,1
广东,1
福音,1
栗子,1
😆,1
比较慢,4
两瓶,1
歪嘴,1
四碗,1
44,1
多加,4
要钱,1
免费送,2
不太上,1
单位,2
大大降低,1
美观,2
两种,2
券开,1
人用,1
无敌,1
鸡肥,1
倒数,1
肉质,8
鲜嫩,5
鸡杂,4
需不需要,2
加汤,2
滋润,1
浓厚,2
汤汤,1
都还没,2
快点,6
汤挺,2
商圈,6
团年,2
养人,1
浓,5
浓浓的,1
绵绵,1
四五个,3
人吃够,1
订餐,1
材料,2
动,6
入口,4
化,1
捞,1
摆,5
吃掉,1
两侧,1
锅贴,1
肥,6
浓香,1
说些,1
喝完,2
插曲,3
好太多,3
吃腻,3
好大,1
溜溜,1
味鲜,1
老年人,6
板粟,3
贵点,3
第一碗,1
没人盛,1
下降,3
很烂,1
菇,2
相比,8
不腻,4
瞌睡,1
很粉,1
泡饭,1
葱花,1
美级,1
换口味,1
菌菇,1
🐔,3
爽快,1
地帮,1
准时,1
岁,1
婆婆,1
发烧,1
节制,1
信价,1
清爽,4
滋补,4
网,1
购餐,1
味美,4
节奏,2
太空飞行,1
模式,1
大清早,1
效率,1
身体,2
开火,1
一卓十人,1
五斤,1
挺少,2
要个,1
人理,1
降温,1
椒,2
软软,1
力推,1
长条,1
面块,16
水加,1
一个月,3
四次,2
吃得够,1
来个,1
财源,1
广进,1
爸爸妈妈,3
长辈,1
造型,1
独特,6
评,2
很烦,1
人多会,1
说了半天,1
浓纯,1
换渣盘,1
茶水,2
家属,1
高汤,1
讲究,2
黏稠,1
团聚,1
本抱,1
试一试,5
心态,2
出乎意料,1
迎宾,1
有会,1
分钱,1
没加,1
原汁原味,1
养胃,1
来到,4
善良,1
再来一个,1
亲人,2
果断,5
勒,1
小小的,4
一点儿,1
催菜,1
终实,1
客户,3
成会,1
良心,10
鲜艳,1
宜人,2
鲜味,3
上班,3
家里,2
好几碗,3
歧视,4
现杀,3
尝,3
渣,3
盘,4
腾空,1
金夫人,1
洲际,2
酒店,20
观光,1
影响,7
缘故,2
街,3
友善,1
浓滑,1
肉嫩,3
太腻,1
创意,2
小饼,1
摆放,1
整齐,1
赞扬,1
泛苦,1
同行者,1
味香,1
实和,1
毛栗子,1
店去,1
75,3
人一,1
不排,1
来额,1
六大,1
喜爱,2
速度慢,3
喝多,1
西方,1
风格,4
受不了,1
我订,1
保证,1
幼儿园,1
特有,1
体贴,1
一根,3
乌黑亮丽,1
发丝,1
忘不了,1
😃,6
超值,7
降低,1
中庸,1
点半,6
点半才,1
留着,1
位子,5
两碗,3
老父亲,1
年轻人,2
肉多,1
汤鲜,1
拿上来,1
美好,1
大大的,4
很腻,1
方便快捷,1
换个,3
十人份,1
太早,4
催人,1
黑好,1
夏天,4
还境,1
中心地段,1
差值,1
粑,4
and,1
膜,1
餐团,1
p,1
显少,1
........,1
面子,4
优美,3
134578897432146788,1
💖,1
早早,2
排不上,1
鲜肉,1
肌肉,1
没事,2
喝点,1
热汤,1
关顾,1
长,7
上佳,1
更换,5
404,9
车站,8
焦不燥,1
汪实,1
🈶,1
️,2
炒粉,13
空空,1
温泉,1
一大半,1
忠实,1
豪华版,1
人吃个,1
一两个,1
自发,1
可不可以,2
养来,1
煮汤,1
爱来,2
三线,5
不肥,1
不厚,1
108,4
投,1
三十,1
燥,1
几桌,1
来得早,1
抢,10
小男生,1
我加,2
厂长,14
磁器,1
回程,1
大堂,6
元宵节,1
店来,3
肉感,1
平菇,1
台上,3
现剪,1
秦妈,1
亲近,1
豪爽,1
干练,1
努力奋斗,1
积极向上,1
披,3
递扎,1
细微,1
加辣,1
清冽,1
亲自出马,1
人多团,1
三秒,8
网红,1
谱,1
符合,9
广州,1
远远,1
位于,2
不由自主,1
想起,4
70,2
送来,2
橡皮筋,2
不太辣,2
诚意,1
邻居,1
玉米,4
羹,1
三峡,8
背后,1
靠近,1
马路边,1
难受,3
香鸭肠,1
两,3
三盘,3
第三,2
太值,1
hhhh,1
交,2
押金,5
归还,1
尽心尽职,1
瓜子,3
新品种,2
放入,1
电,2
鳝鱼,4
芽,4
接券,1
天堂,5
愿,1
鱿鱼片,2
折合,1
代金,1
160,1
店开,1
很多年,2
周边,3
头一回,2
里配,1
大豆,1
黄豆芽,2
品味,2
基地,4
合作,2
比老,1
脑壳,1
相比之下,1
有点像,2
蒜泥,5
来加,1
能省,1
单才,1
😔,4
就团,2
优惠活动,1
真实,2
每样,2
儿童座椅,1
我能,1
麽,1
好脆,1
国宾,5
多冰,1
件,1
乐堡,1
360,1
聚散,1
出了名,1
高三,1
七八,2
男滴,1
天花板,1
漏,1
服务台,2
诱人,1
最低,2
太饱,2
换菜,1
火腿肠,4
剩人分,1
裙边,1
十多,1
秒,3
十秒,1
七秒,1
五秒,1
咬,2
太生,1
得动,1
八中,1
提个,1
开足点,1
一赞,1
嗓儿,1
😭,2
添茶,1
牛油,5
放太多,1
锅子,2
520,1
花花,1
衣袖,1
整起,1
尽心,1
弄掉,1
大伙儿,1
胖胖,1
眼镜,1
穷,1
酸,39
收钱,3
两盘,5
十二个,2
新奇,1
欣赏,1
差点儿,2
蛮高,2
外观,2
滑滑,1
花色,1
化渣,1
最合适,1
没敢,1
钵,1
要坏,1
烂,2
人手,2
放心,2
老豆腐,1
好难,1
有没有,5
名不虚传,1
变态,1
怀疑,2
假,7
小伙子,1
hin,1
回帮,1
取,2
拖,4
延后,1
想要,6
二楼,5
😢,1
同伴,1
添水,2
见到,2
炒河粉,4
人来,6
满减,1
21,1
不太熟悉,1
汤色,2
红润,1
赠送,8
一排,1
中好,2
三样,1
适,1
咱家,1
多块,1
废话,1
宣传,3
店长,4
新手,2
懵,2
自制,19
肥肠,4
角落里,1
麻利,1
点哟,1
挺高得,1
熟客,1
25,4
收个,1
差价,1
导航,1
离老,1
不远,2
腥,1
说够,1
妥妥,1
红色,2
主题,1
装潢,1
统一,1
着装,1
便服,1
十人,1
成,6
动作,2
在家,11
长得,2
冰淇淋,36
月饼,2
厨房,4
冻,3
别家,1
吃不住,1
戴,1
眼睛,2
镜布,1
平安夜,1
当面,4
放油,2
桌面上,2
一有,2
空盘,3
收走,5
来份,2
耿直,3
河粉,3
费加,1
中国,1
验证,4
玩儿,1
几分钟,3
一旁,1
就点,2
饱含,1
深意,1
动点,1
脑子,3
行不行,1
机灵,1
老伯,1
吃惊,1
搞错,2
事实,1
文字,3
真棒,1
点去,3
好量,1
俱全,3
水井,1
类似,1
色,1
黑豆,1
保护套,1
担心,5
实际上,2
剩着,1
性,2
一分,3
新加,2
茶叶,1
方向感,1
约,10
头圈,1
多一分,1
骄傲,1
极品,17
酒酿汤圆,1
中秋节,2
..........,1
......................................,1
结伴,1
感人,1
不愧,2
偏重,1
海带丝,1
请点,1
收取,1
黑多,1
天去,1
厂子,1
偏宜,1
点重,1
尴尬,6
字实,1
那点,1
多有,3
叔叔,4
楞,1
绿豆芽,3
领班,2
男人,1
不爽,2
知觉,1
分不清,1
换西,1
等额,1
有味重,1
肠胃,2
感觉良好,1
好不好,1
长沙,1
三百多,1
男女,3
通用,1
修改,1
分开,4
几回,5
点好,1
菜平,1
Wi,1
Fi,1
信号,2
安安静静,1
大餐,3
美的,1
想来,2
尝一尝,3
家乐福,2
超市,1
出门,1
右转,1
东北,1
黄金,1
糯米,1
继往,2
低价,1
习惯性,6
能花点,1
精力,1
研究,1
描述,2
基本一致,1
对头,1
途中,1
....,3
骗人,1
两句,1
照片,8
忙忙,1
太足,3
遇见,2
多些,6
起点站,1
好多年,1
端午节,2
放假,2
聚聚,5
确,1
前列,1
不坑,1
戳戳,1
胀,1
滚回来,1
😌,1
二十,2
菜够,1
红亮,1
无锡,1
来尝,1
辣真,1
顶不住,1
莱装,1
国庆,1
调小料,1
十二点,1
工作人员,10
有点儿,1
耳背,1
魅族,1
专卖店,1
上楼,1
优衣库,1
周,1
回是,1
🏻,5
三四个,2
再团,2
总归,1
嘿嘿嘿,2
区,5
78,1
188,1
对胃口,1
胶圈,1
简易,1
皮筋,2
盒,2
两块钱,1
一块,4
快到,1
六点钟,1
窗子,3
边上,2
笋子,1
爽脆,2
个头,2
短小,1
极力推荐,3
那会,1
大方,2
煮熟,2
‍,2
受伤,1
上课,1
上周,3
几杯,1
不会错,1
粽子,1
带皮,8
分享,1
苏宁,2
电器,1
点半去,1
排位,2
入口处,1
稀饭,2
价还算,1
超辣,1
烧开,1
炸,4
绿豆,1
发,2
朋友圈,2
麻又辣,1
来来来,1
会常来,2
时团,1
接过,1
辣度,1
毕业,4
开玩笑,2
两百多,1
一部分,2
代,2
一个个,1
十多分钟,1
北方,5
同一个,1
儿时,1
菜肴,1
熄火,1
点火,1
帅哥美女,1
务,1
走路,2
账,1
笑脸,1
胸针,1
端,2
一闻,1
战斗力,1
喝麻,1
两口,1
二盘,2
一个多,2
好爽,1
开吃时,1
依依不舍,1
来团,1
精神,1
睡觉,2
问过,1
撒子,2
取食,1
夹子,4
公筷,1
葱,1
芝麻,1
蚝油,1
大热天,1
出身,1
敞起,1
四川人,1
重点,5
满多,1
忘不掉,1
美爆,1
热情服务,3
当道,3
吃额,1
太热,4
纠结,5
京品,3
大变样,2
重生,2
更大,2
新增,5
大虾,10
这比,2
手掌,2
螃蟹,16
扶,4
墙,2
金枪鱼,5
冰激凌,27
仔,8
酸辣汤,2
永辉,2
补货,4
川味,11
麻辣锅,12
肥羊,9
涮涮锅,7
甜食,2
喜好,4
三两,2
野,4
药膳,4
牛羊肉,14
乌鸡,11
😓,9
大闸蟹,12
⁎,4
⁍,4
̴,4
̛,4
ᴗ,2
基围,11
火鸡肉,4
猕猴桃,13
歌,5
慧眼,2
常回家,2
爸,3
音乐,2
差评,5
从大一,1
大四,2
生菜,6
哥们儿,1
黄色,1
虾子,39
布丁,25
特步,1
蛤蜊,3
蟑螂,1
地下,1
关灯,1
冰柜,3
有种,5
逐客,1
搬,3
越多越,1
不值,3
定价,1
亲民,2
客源,1
待人,1
真诚,1
不拘小节,1
各种各样,1
真肉,1
知名,1
拼凑,1
人工,2
店用,1
小龙虾,6
咖啡,3
椰子汁,1
刚进,1
点新,1
正品,1
菜系,2
类,5
一人,6
小火锅,20
涮羊肉,1
理想,2
涮锅,5
涮,3
汽博,2
底,1
应有尽有,7
荔枝,1
火龙果,10
葡萄,3
收盘,13
品类,4
菜空,1
食肉动物,1
忍受,1
不高,3
凑合,3
绕道,1
变得,2
劵,5
添菜,3
奥尔良,2
烤,74
第二盘,1
心满意足,1
越做越,9
有来,2
高点,3
新装修,2
陆陆续续,1
许多次,1
舒坦,1
浓度,1
新鲜度,2
紫薯,1
改良,1
限量,17
蛋糕,68
披萨,9
这位,1
甚,1
和善,2
形式,1
够本,1
关东煮,2
香芋,1
找回,1
童年,1
赶脚,2
黑爱,1
劲酒,1
赚钱,2
换大,1
场地,5
每到,1
一看,4
肉娃肉,1
写字,2
平台,2
发表,1
真实感,1
言,1
非常感谢,1
理念,1
邻居们,1
来店,1
下班时间,2
耽误,2
交点,1
以示,1
歉意,1
谢绝,1
亲如家人,1
感谢您,1
多来,1
高品质,1
舒心,2
成正比,1
停,5
车票,1
车库,2
技术,2
开车,1
片超,1
花甲,36
发图,1
蛋挞,19
牛舌,1
150,3
看不惯,1
喷,1
弄些,1
新店,2
支持力,1
吃不得,1
辣而点,1
很错,1
一流,5
其换,1
变大变,1
肉卷,1
变多,2
不对头,1
看哈,1
付钱,1
一阵,3
乖乖,2
几样,5
意外,3
运气,3
皮皮虾,5
要括,1
只会,2
力挺,1
肉品,3
形容,3
是从,2
车位,4
说不清楚,1
费用,1
爬,40
🦐,1
海贝,1
肉食动物,3
偏厚,1
颜色,2
深,1
好些,4
潘茄锅,1
一煮,1
冒泡,1
沙发,1
没照,1
不香,3
更棒,1
不错呀,1
初来,1
没吃够,2
人满为患,1
诟病,1
曖,1
肉碱,1
计较,1
有福气,1
大帅,1
事物,1
片,8
星期,1
隔壁家,1
烤肉,94
太烂,1
感激,1
开森,2
🐮,4
齐备,1
选用,1
鲜虾,2
冻虾,1
切得,1
太薄,1
散成,1
过敏,3
加肉,4
巴实,2
三只,1
奋斗,1
熟络,1
聚,1
单一,3
庆幸,1
客客气气,1
上瘾,3
必需,2
白费,1
多种,7
一两周,1
孤单,1
🍦,1
期间,5
全吃,1
死忠,1
往常,2
😀,5
只顾,2
怡,3
丰吃,1
丰多,1
现点,3
就行,1
常州人,1
好不容易,1
鹅肉,2
乌骨鸡,1
跨区,1
魅力,1
现切,3
辣边,1
人好,2
五点,2
几盘,2
再要,1
黑人,2
问号,1
生怕,3
吃太多,1
重在,2
小锅,3
个性化,1
锅菜,1
流行,1
感受,3
里边,2
肉要,1
每周,1
专程来,1
合口味,3
跑过来,1
考虑一下,2
很帅,2
忧郁,1
这块,1
特想,1
姑妈,1
姑父,1
前往,2
脸色,1
离家,12
亮点,2
回味无穷,2
回味,2
指吃过,1
比喻,1
事后,1
越想,1
意味深长,1
唇齿,1
留香,1
口中,1
保留,2
色味,1
香气,1
优秀,1
垂涎欲滴,1
馋,2
口水,1
滴下来,1
其味无穷,1
穷尽,1
词,1
人品,2
丰好,1
开门,4
忽略不计,1
人一锅,1
长客,1
不全,1
团给,1
随小,1
涵盖,1
果汁,32
无线网,1
好生意,1
吃海鲜,9
亏本,1
厚道,2
甜点,23
好照,1
电影院,1
五斗,1
˙,2
︶,1
明白,1
为啥,1
讨厌,2
╮,1
╯,1
╰,1
╭,1
加就行,1
店子,1
字赞,1
老乡会,1
很小,5
闷闷,1
弥补,1
硬件,1
PS,1
懒得,1
拍图,1
图上,2
几张,3
来搏,1
版面,1
ORZ,1
酸菜,17
一片片,1
吃爽,1
自选,1
說,1
老顧客,1
不錯,2
不夠,1
闆,1
娘,1
鼓鼓的,1
午餐,7
4.5,2
十几次,1
高高大大,1
帅,1
辜负,1
莽起整,1
养眼,1
好几回,4
言语,1
表达,1
点要,2
厚品,2
备菜,1
豆腐乳,1
蟹,14
鱼丸,1
鱼皮,2
螺肉,1
汽水,1
瓶装,3
机子,1
提子,1
些许,1
橘子,1
皮薄味,1
现,9
胀满,1
秉持,1
原则,1
平淡,1
多一些,3
青菜,2
很胀,1
很挤,4
猪肉,1
汉子,1
大吃一顿,1
老坛,2
觧,1
超美,1
保障,1
杂牌军,1
菇类,1
人不太多,1
每人,8
四种,1
任选,1
质优,1
价美,1
错过,2
清,1
十分满意,1
刷,1
表弟,1
大半天,1
尽兴而归,1
我要,2
哈密瓜,13
这天,2
不爱,1
价格比,2
乌鱼,67
🐠,2
炸鱼排,1
58,1
一斤,1
鱼片,6
鱼花,2
酸味,3
酸辣,2
白衬衣,1
印象,1
啧啧,5
啧,2
吵杂,1
配面,1
制冷,1
发券,1
差劲,3
刺,2
敞开,1
鱼称,1
称,1
上桌,2
透明,1
偏高,4
鲜菜,1
展示,1
一条街,1
新开,2
奶汤,1
退菜,1
灵活,4
惊艳,3
还得加,1
浙江,1
想想,2
丁哥,1
黑鱼,2
吃屎,1
双椒味,1
一锅芋,1
儿鸡,1
三四百,1
说不清,1
普通话,1
带进去,1
不快,2
十吃,1
自然,3
生长,3
两大,1
川普,1
焦人,1
龙啸酸,1
我会,2
无刺,3
折扣,1
做成,1
懈怠,1
特地,1
鲢鱼,1
叽叽,1
60,1
开胃,4
几十秒,1
一朵花,1
水泡,1
开胃菜,1
赶紧,2
鱼骨,3
擀,5
蚊子,1
湖南,1
一条,2
鱼选,1
一张,5
优惠卷,1
夜宵,1
筋道,1
绝配,1
梁山,7
回到,2
尖椒,4
凉粉,3
鱼丸子,1
面皮,3
元祖,1
太度,3
笑咪咪,1
不及格,1
筋斗,1
盘龙,1
花园,1
爆米花,5
萝卜,4
骨架,1
鸭腿,1
名字,2
一鱼,1
酸菜鱼,3
精美,1
汤鱼,2
6.4,1
斤,4
发布,1
不约而同,1
龙啸,1
三碗,1
石锅,6
底下,1
几条,1
很深,1
哪鱼,1
菜店,1
看买,1
试下,1
发觉,1
三斤,1
我特,1
三文鱼,20
2.9,1
白助,1
随时随地,1
山顶,1
鸡味,1
食府,1
过程,4
.............,1
从来不,1
能顶,1
重要性,1
赚,1
用费,1
苦思冥想,1
赞笑,1
略贵,2
fghvbjjvgghhvgghhnnnhfcfvbbb,1
经营,2
改观,1
还放,3
生日歌,5
吃饭时间,1
停车位,2
再脆,1
鸡鱼,1
摆摆,1
用美团,2
在线,1
支付,3
主菜,1
风味,3
遁,1
这汤,1
能别,1
存,2
全单,1
79,2
双,2
咯牙,1
阿德,1
摸,1
祝福,1
长寿面,10
无数回,1
啰嗦,1
挺高,2
蛮多,1
调和,1
菜油,1
汤味,1
鸡好,1
香甜,2
龙头,1
寺,1
上客,1
小刺,1
西瓜汁,7
山椒,1
酸酸的,1
地板,3
摔跤,1
百,1
多元,1
酩汤,1
推介,1
忙碌,1
南京,1
记不清,3
楚,2
面片,1
滑嫩,1
上锅,1
一只,6
258,1
物优,1
西宁,3
托,3
水滑肉,3
成熟,2
体系,1
尚可,2
良厨,7
对虾,1
有机,1
鱼头,1
小区,15
脱,1
搭,1
凳子,1
套子,1
套,2
圣湖,6
天域,4
钟,1
听到,1
WiFi,1
用不起,1
😤,2
192,1
错算到,1
账单,1
多算,1
开发票,4
匪夷所思,1
得以,1
管理,3
唯怡,2
28,5
沙鱼,3
上酒,1
鲜榨,24
奶,3
茶,10
调火,1
凉面,9
副,1
三遍,2
到极点,1
人菜,1
菌锅,2
干油,4
闷到,1
😜,2
一次性,2
调味料,1
挺为,1
着想,1
那家店,1
礼品,1
场面,1
一吃,3
特多,2
汪,1
覃哥,1
晓洪,1
老乡,1
苦,4
一家子,1
素食,1
验证码,1
蜡烛,2
生日快乐,4
万事大吉,1
改正,1
过生,5
生日蛋糕,1
进店,1
专业培训,1
昨晚,1
最最,1
中奖,2
家门口,4
二百元,1
满头大汗,1
平板,1
冷气,2
200,1
65,2
菜木有,1
难度,1
小姨,1
主,1
公路,1
过得,1
😘,17
14,4
还花,1
268,1
元八人餐,1
只来,2
鞥,1
暴敛,1
物,2
处事,1
绿色,3
叫拿点,1
付款,2
时说,1
强劲,1
信赖,2
白水,2
小姑娘,1
男女老少,1
青睐,1
多大,1
售房,1
部,1
改装,1
楚团,1
不燥,1
最起码,1
儿童,2
餐椅,2
太棒了,4
原价,1
新式,1
代表,1
之作,1
按到,1
顺序,1
肝,3
定位,2
138,1
用美,1
购,1
灰常棒,1
方案,1
关健,1
已品,1
声,1
之地,2
只加,1
游戏,2
歺,3
好耍,1
亲和力,1
四大,1
jian,1
留在,1
888,1
首次,1
拥有,3
姐,2
公交车站,1
旭辉,1
洋气,1
销售,3
大楼,1
房子,1
园区,1
胜,3
心动,1
座,1
让给,1
连桌,3
帅锅,1
超过,3
清点,1
人数,2
三瓶,1
味感,1
高峰期,2
还近,1
满堂,1
坚持下去,1
跳舞,1
翻,1
加水,1
女儿,8
下辣,1
值得一提的是,2
电视,2
看点,1
动画片,2
团过,3
118,1
太近,1
汤加,1
开关,1
六点,2
卡给,1
送上,1
上档次,2
小节目,1
猜中,1
礼拜三,1
5.8,1
划拳,1
机场,1
板凳,2
生月,1
相约,1
家长,1
包装,1
相,2
兴科,1
二路,1
那加,1
789,1
关系,1
恩棒,1
友友,1
太棒,2
仔细,3
一万个,1
夜,1
主管,1
家乡人,1
长生果,1
播放,1
短暂,1
荤素,1
马路上,1
长久,1
小份,1
牛肝配,1
结帐,1
当班,1
骗辣,1
童鞋,1
慎点,1
皮鞋,1
变味,1
蒸蛋,7
停电,1
全场,2
烛光,1
昨儿,1
比熙,2
人问,1
挺小帅,1
发生,1
迷,1
今天下午,1
大学城,15
欣阳,13
那家汉丽轩,1
搞笑,2
火开,1
冒烟,3
不以为然,1
烟,1
晚点,2
关火,1
烧,5
好笑,1
高级,1
做好,3
熟食,14
紫,1
联系方式,2
侵权,1
告诉,1
五花肉,36
粗来,1
尖顶,2
坡,2
龙湖,3
U,2
天街,1
西点,2
果冻,2
生,51
蚝,81
西米露,9
七彩,1
吐,3
别去,2
灰色,1
烫些,1
如加,1
小毛病,1
没会会,1
关机,1
愚人节,1
开个,1
玩笑,1
停车费,1
食物,8
走不动,1
四杯,1
切碎,1
最旺,1
城里,1
🙊,1
表情,2
冷漠,1
班上,1
说不出,1
减肥,1
破产,1
饮料机,1
盯,4
贼,3
不许,1
呦,2
交钱,1
取胜,1
抹,8
锅包肉,7
鸡腿,12
北京烤鸭,25
橙汁,2
柠檬汁,1
春卷,2
柚子,2
冷冻,2
半成品,1
推,3
厅,2
烟道,1
熏得,1
我快,1
挣不开,1
次数,1
数不清,1
用户,4
献给,1
汉丽轩,15
十三块,1
组队,1
解馋,1
怀恋,1
常带,1
须,13
切块,1
顾,1
忘退,1
周五,4
胖胖的,1
随和,1
加班,1
只好,1
深深,1
赶来,2
烤肉店,2
烤鸭,29
问问,1
享用,2
日本,3
椰奶,4
木瓜,6
奶茶,7
遍,1
见底,1
来换,1
😞,1
人来加,1
名,1
硬硬,1
放久,1
打嗝,1
咖喱,1
鸡拌,1
实不相瞒,1
冲兑,1
熙街,1
连锁店,1
火候,1
指示器,1
∗,2
❛,2
ั,2
∀,1
✧,1
慕斯,8
可丽饼,4
小泡,5
芙,7
幸福,2
蒜蓉,28
出动,1
羊排,1
烤肠,2
考肉串,1
柠檬水,1
🙃,1
点收,1
餐不太,1
成里算,1
清盘,1
这回,1
孜然,2
燕子,2
章鱼,4
小丸子,4
臭豆腐,2
上校,2
鸡块,2
面筋,2
巧克力,9
肉丸,2
盖浇饭,2
抓,2
奶昔,1
绿豆糕,1
夫妻,3
肺片,3
驴打滚,2
汉堡,3
烤羊,1
板筋,1
东坡肉,2
芒果,3
肉末,1
茄子,5
法国,3
面包,2
刨冰,2
洋葱,1
烤红薯,2
蒸饺,2
补菜,5
冷,10
或者说,1
鸡皮,5
优选,1
🍣,3
榴莲,1
烤串,7
贝壳,6
餐盘,4
很勤,2
再照,1
烤来,1
吃不上,2
菜类,1
满意哦,1
单调,2
片沾点,1
再放块,1
烧鸡,2
可乐,3
前菜,2
不乐意,1
瞬间,2
b,1
西里,1
隔,4
老去,1
换人,1
眼睁睁,1
紫样,1
朋友家,1
秋刀鱼,4
眼花缭乱,1
料理店,2
感,1
千值,1
万值,1
抢光,2
口味重,1
疯狂,1
Call,1
筋,1
酱大骨,1
管饱,1
制作,1
常规,1
蔬菜水果,1
三明治,2
菜肉,1
周全,1
鸡柳,3
太腥,1
猪眉肉,1
调酱,1
脑海,1
桃子,1
糖醋,1
里脊,1
挖不动,1
零食,5
友人,1
几百种,1
六点半,2
从头到尾,1
人管,1
凉凉的,1
差远了,1
坐车,2
前好,1
前刚,1
敲级,1
碗碟,2
很脏,2
肉酱,1
规模,1
搞大点,1
才情,1
两三次,1
有水,1
晚去,1
请人,1
热菜,10
○,2
｀,1
′,1
咖喱鸡,1
元得,1
棒棒糖,1
火热,1
读,1
宿舍,1
现煎,1
碳,15
不见,1
美滋滋,1
评分,1
供不应求,1
度,3
无比,2
一想,1
杯子,1
膻,1
只花,1
36,2
返,1
18,1
优惠券,2
没差,1
半小时,1
没说,1
比欣阳,1
油烟,1
施工,1
长时间,1
好出,1
至少,2
蒙圈,1
🥩,1
彩,1
门,1
面点,3
饮料类,1
同等,4
鳗鱼,1
籽,1
时隔,1
全新,1
味蕾,1
小小,1
吃得出,1
回甜,1
可圈可点,1
闺蜜来,2
相互,1
以礼相待,1
再带,1
小龙,1
坎,1
太远,1
排烟,1
天桥,4
繁多,4
几日,1
好友,2
龙利鱼,8
槽,1
吐槽,1
长进,1
辣子鸡丁,2
花蟹,3
肠,3
耳朵,2
平价,1
领先者,1
食,1
无趣,1
凉,3
水果汁,4
橘子汁,1
多开,1
多余,1
主厨,1
反馈,1
拮据,1
月底,1
渝北,2
劳动局,1
临街,1
产品,2
回转,2
现榨,7
南开,2
中学,2
千米,1
果品,1
豆浆,1
依托,1
涩,1
换上,1
半份,1
一说,2
烤生,26
过汉丽轩,1
猪蹄,4
沃尔玛,1
厨师长,2
地多,1
牙签,4
能容,1
煮菜,1
真材实料,1
实打实,1
做法,1
补评,1
开除,1
过意不去,1
29,1
歇,1
一点多,1
钟才,1
老百姓,1
福利,1
认准,2
短时间,1
烤肉串,1
奶油,1
棉花,3
糖,3
烤起来,1
调制,1
一切都是,1
重庆大学,1
一两次,2
美团定,1
变脸,1
包子,1
海鲜类,8
加钱变,1
二合一,1
问世,1
2017,1
接手,1
食客,1
大老远,2
某人,2
手艺,1
倒退,1
迹象,1
迫不及待,1
欠缺,1
最佳,1
一个一岁,1
一个两岁,1
油和纸,1
送到,1
爆炒,4
花蛤,1
无限量,8
肉菜,1
腌制,1
铁板烧,2
高龄,2
老者,2
会员,2
通知,1
快马加鞭,1
超速,1
滚蛋,1
证据,2
拿不出,1
法院,1
区去,1
来汉丽轩,1
很久以前,1
添加,2
格局,1
炒花,1
蛤,5
老哈,1
菜菜,1
太多胃,1
控,1
征服,1
挺嫩,3
平楼,1
底层,1
跋涉,1
之苦,1
👪,1
公用,1
数十种,1
离取,1
菜区,1
每位,1
黑胡椒,2
最想,1
没意思,3
熟透,1
老头,1
老太,1
嬢,2
个个,2
笑眯眯,1
自助餐厅,4
实诚,1
😳,1
人会,1
大半年,1
变化,4
小猪,1
推存,1
冷饮,1
热饮,1
一应俱全,1
面前,1
快完了,1
大婶,1
羊,1
蹄子,1
羊蹄,1
毛退,1
脾胃,1
连毛带,1
消化,1
前男友,1
收菜,1
同志,1
抓紧时间,1
速战速决,1
正经,1
唱和,1
贝类,1
烤龙利鱼,1
大哥,1
很乖,1
父子,1
做事,1
好红,1
黑布,1
李,1
推出,1
试吃,1
没关系,2
改版,2
各有,1
好处,1
多得,1
畅快,1
品种齐全,3
班聚,1
娘娘,1
情,1
太窄,2
不管怎么,1
说汉丽轩,1
AA,1
那一,1
铁盘,1
🍰,1
如炸,1
藕,1
盒子,1
不脆,1
good,1
收餐,2
菜收,1
外婆,1
韩料,1
卤料,1
锡纸,1
小炒,1
会员卡,3
多拿点,1
吃亏,2
西式,1
太累,1
我来,3
黄金时间,1
段,1
为什,1
发挥,1
偏咸,2
自给自足,1
搬离,1
不惊,1
不悲,1
也许,2
情怀,1
现抄,1
贝壳类,1
肉少,1
高中,1
斤斤计较,1
出让,1
百分百,1
半块,1
多放,2
两把,2
诶,1
夹,1
沾酱,1
几下,1
啷,2
胃,1
一楼,2
总有,1
错觉,1
烤个,1
烤糊,1
喝瓶,1
🍺,1
水平,2
霸王,1
靠生,1
剪刀,1
剪,1
老外,1
扶墙,2
可选择性,1
中的菜,1
腌,1
考多,1
发出,1
大块,2
泡椒味,1
刚回,1
沙子,1
清理,2
田螺,14
十几块,1
媳妇,1
银行卡,1
不给力,1
蒸,1
肘子,1
礼宾,1
陈泊,1
小弟弟,1
气派,2
设施,1
设备,1
生鱼片,9
鲍鱼,2
合成,1
陈,1
目录,1
实物,1
139,2
刺身,6
营业,2
低调,1
内在,1
奢华,1
一处,1
观湖景,1
银鑫,3
有家,2
客房,1
世纪,1
临湖,5
宴请,1
必选,1
多久,2
去一趟,1
百分之百,1
中餐,4
西餐,2
微笑,1
雪,4
白灼,7
元贝,8
烤牛肉,4
清蒸,1
鲈鱼,1
包含,1
十家,1
同类,2
龙虾,3
美惨,1
白衣,1
束高髻,1
名叫,1
陈慧英,1
女服务员,1
整场,1
拿破仑,4
不配,1
湖边,3
回兴,1
地块,1
酒类,1
知足,1
出彩,1
谈不上,2
笑脸相迎,1
露天,1
停车场,3
4G,1
却发,1
银鑫离,1
细致入微,1
景色,3
风景,1
入,1
咸度,1
地换,1
西米,1
西红柿,1
炖牛肉,1
掺,1
芒果汁,2
清蒸鱼,1
麻辣烫,5
别有,1
会议,1
不值钱,1
泰式,1
鲅鱼,1
89,2
吉布鲁,1
九点,1
收班,1
会儿,1
窗边,1
湖景,4
糟点,1
厚,1
青口,4
买票,1
比天来,1
没喝,1
实体店,1
华晨,3
环绕,2
下午茶,2
餐品,1
Special,1
gift,1
希尔顿,1
差之较,1
家常菜,2
焗,3
混乱,1
望能,1
儿童票,4
唯独,2
九岁,1
着实,1
🤣,3
迟道,1
莱品,3
蟹类,1
逊色,1
幽雅,1
对称,1
临近,1
恨不得,1
余地,1
蒸蟹,1
多出,1
杨枝,1
甘露,1
小两口,2
提拉,2
米苏,2
收完,1
渣盘,3
价格低,1
深井,1
烤鹅,1
鸭肉,1
味重,1
误解,1
著名,1
沙,2
没洗,1
新年,1
正合我意,1
配置,1
以内,1
离得,1
连三纹,1
临江,1
压抑,1
欧洲,1
经理人,1
第二个,1
略差,1
欺凌,1
塔,1
水煮,14
好坏,1
宝,2
右手边,1
出示,1
领位,1
位,1
270,2
观湖,1
色素,1
算不上,1
极快,1
桌上,2
一堆,1
后人,1
穿白,1
受,1
宝圣,1
湖畔,1
蛏子,1
王,1
黄鱼,1
胶水,1
进口,2
嫌弃,1
之旅,1
🍮,1
🍷,1
香香的,1
那快,1
💕,1
公,1
五星级,2
落地,1
玻璃,2
面朝,1
一汪,1
湖水,1
宁静,1
清雅,1
惊呼,1
诱惑,1
吃生,3
不可思议,1
姐妹,1
兰花,1
女士,2
男士,2
鹅掌,1
遇上,1
很齐,1
我选,1
感觉不好,1
意识,2
同级,1
竞争力,1
调整,1
亮,1
制造,1
很难,1
拿到,3
换盘,2
太冷,1
蛮少,2
之主,2
丢,2
夜色,1
华辰,1
东恒,1
两路,1
太淡,1
香辣虾,1
水准,1
瘦肉,1
甜虾,1
蹭,1
一趟,1
有求必应,1
只想,1
最差,1
有待于,1
内部,1
玻璃墙,1
两点,1
小班,1
半价,3
西区,1
某店,1
这两点,1
靠湖边,1
看湖,1
算齐,1
靠湖,2
巴菲,1
哄抢,1
无用,1
定时,1
一米,3
出新,1
人性,1
细致,1
宴会,1
轻音乐,1
快乐,1
时光,1
喷水,1
雾,1
鸡翅膀,1
圆贝,1
熟人,2
代劳,1
结婚,1
派对,2
补起,1
湖,1
虾类,1
空高有,1
屋顶,1
家常,1
不太全,1
一品,1
胡管,1
i,1
将计就计,1
刚发,1
GVvv,1
盘切,1
冻硬,1
红包,1
白市,3
驿,3
问说,1
亏了,1
一个亿,1
罐装,1
有股,2
清水,1
热门,1
一端,1
不上,2
恶搞,1
搞些,1
安慰,1
万达,1
室内,1
辣椒粉,1
锯木,1
没滋,1
磊,1
煮法,1
黑椒,1
菜碟,1
黑嫩,1
重复使用,1
冻肉,1
现烤,1
切出来,1
很久很久,1
就会花,1
察看,1
有侍,1
明洞轩,2
资深,1
本山,2
人情味,1
最巴适,1
菲力,4
一两样,1
专,1
夜市,1
扎壶,1
脚,5
难烤,1
要放,1
解冻,1
很久出,1
晃眼,1
看不到,1
一眼,1
级别,1
大渡口,3
人押,1
缺,3
烤完,1
爬子,1
香不辣,1
无味,1
猪猪,1
包是,1
流,1
沙包,1
海虾,1
沙拉,8
💓,1
被动,1
很合,1
要少些,2
奖,1
铁板,5
牛扒,2
营业时间,1
瓜起,1
香锅,1
只管,1
揽,1
八点钟,1
太难,1
换纸,2
添油,2
四星,1
专人,1
鹅,1
脖子,1
缺少,1
快过,1
不齐,1
质量保证,1
出虾,1
没拿到,1
旗下,2
几十块,2
美极,2
特制,2
辣椒酱,2
兄弟,1
小宝贝,2
选择性,1
爽到,1
人带,1
睡着,1
醒,1
着急,1
完带,1
负,1
大罐,1
冷食,1
考,3
子羊,1
骚味,1
贵在,1
综合症,1
警惕,1
菠萝,1
前有,1
明显改善,1
开水,1
合格,1
坑,1
人烤,1
吃现成,1
郁闷,2
整修,2
伙食团,1
锅能,1
没品,1
空位,1
多鲜,1
闷得,1
品种繁多,2
新天泽,1
早就,1
问道,1
巴国,1
顺道,1
通通,1
搞定,1
从前,2
写足,1
85,1
就行了,1
刺激作用,1
holy,1
信息,1
可调,1
d,1
其全,1
答复,1
请假,1
取菜,1
贝,1
团下,1
坐下,1
冰淇淋机,1
叭,1
唧唧,2
新菜,2
辣子,12
dianzan,1
现团,1
团好,1
付现,1
上团,2
欺骗,1
性质,1
挺赞,1
糖醋鱼,2
辣子鸡,3
薯条,2
番茄酱,1
生活,1
人能,1
进一步提高,2
星期五,1
狮子头,1
能改,1
吃来吃去,2
炸薯条,1
鸡排,3
白切,1
葡萄酒,1
较齐,1
长寿,12
周二,1
介意,2
换下,1
新鲜感,1
排长队,1
要长,1
几斤,1
厚厚的,1
一块块,1
圆子,3
有生,1
鸭汤,1
蕨,1
根粉,1
咖喱饭,1
空着,1
墙壁,1
办,2
张,1
下个月,1
生就,1
鱿鱼丝,4
羊杂,2
结束,1
吹,1
嘿久,1
花哈,1
特勤,1
围到,1
不自在,1
看电视,1
定期,1
小宝,2
一岁,1
巴萨,2
随即,1
陈菜,6
逗,1
大宝,1
身高,2
黑头,1
可口可乐,1
嫰,1
但生,1
那肉堪,1
比耳,1
精细,1
一小块,1
点钱,1
种菜,1
尝点,1
周日,1
换换,2
奶冻,2
索性,1
高档,1
奇葩,1
围着,1
餐桌,1
监视,1
眼神,2
经历,2
晚评,1
时代,1
中心,1
刚刚开始,1
Rio,1
咋样,1
脖,2
喷泉,1
三四岁,1
试问,1
一个三四岁,1
吃得了,1
太难排,1
蟹爪,1
苏打水,1
冰镇,1
max,1
凶,1
小气,1
强大,3
超人,1
一百次,1
打倒,1
爬起来,1
面对,1
无畏,2
心性,1
强悍,1
家具,1
市场,3
再难,1
无所畏惧,1
睿界,1
家居,1
一道,1
类别,1
牛腩,2
刻意,1
苦苦,2
味口,1
服務,1
環境還,1
數東,1
西冷,1
建議,1
少拿點,1
熱乎乎,1
没太多,1
人性化,1
多吃点,1
帮别人,1
久而久之,1
跟前,1
较粉,1
生耗,1
告,1
浪漫,2
换些,1
新品,1
显得,2
特爱,1
🍫,1
酱台,1
撑死,1
有所改进,1
扫兴,1
长寿区,1
中年妇女,1
炖鸡汤,1
点太难,1
今儿,1
小盆友,1
式,3
要排,2
没盖,1
都行,1
人太热,1
餐馆,1
胃王,1
六盘,1
螺丝,1
整整,1
沒得,1
创新,1
卡恩,1
Joe,1
陌陌,1
JSP,1
类型,1
口号,1
头,2
可长可短,1
肯吃苦,1
吭哧,2
皮,3
限量供应,1
耶,1
外边,1
成山,1
羊肉汤,1
京东,1
驾校,1
开导,2
乱来,1
人多要,1
狂,1
半瓶,1
留下,1
蒸菜,1
亲戚,1
题材股,2
钳,1
带上,1
好取,1
双皮奶,1
一口气,1
两只,1
主打,1
装汤,1
罐子,1
干层,7
我散,1
头绳,1
塑料袋,1
唱歌,16
表妹,1
重复,1
轮流,1
客流量,1
KTV,5
门票,1
窗外,1
轻轨,2
久别,1
故乡,1
归来,1
告近,1
传菜口,1
油油的,1
当心,1
滑倒,1
鸡脚,1
凉糕,1
冰粉,1
椰汁,1
泥鳅,5
强行,1
系统,1
退款,2
第一份,1
费后,1
两根,1
腊,2
欢乐,9
迪,7
谁家,1
传送带,1
时不时,2
蹄筋,3
家福,2
没过多久,1
中有,1
差距,3
稍贵,1
购物,1
乱糟糟,1
ktv,1
欢唱,1
欢,1
还涨,1
唱,1
个券,1
↖,1
↗,1
不大好,1
本月,1
额度,1
以此,1
为证,1
月初,1
自动,1
伸手,1
六七,1
三元,1
库存量,1
在座,1
土豆粉,1
拿走,2
黄鳝,3
关见,1
一家家,1
福,2
挑,1
福吃,1
既然如此,1
卖家,1
暂时,1
千篇一律,1
前年,1
搞不懂,1
营业员,1
就量,1
冒火,1
迈,1
烦得,1
杂七杂八,1
七嘴八舌,1
张券,1
单团,1
张券后,1
穿着,1
傲娇,1
事不关己,1
做起,1
下帝,1
现金支付,1
申请,1
班组,1
闷热,1
冬瓜,1
菜花,1
品相,1
菌,1
免唱卷,1
座椅,1
打印,1
同行,1
妹纸,1
深受,1
血片,3
旋转,3
处,2
价了,1
苹果醋,1
间,1
娃哈哈,1
怪怪的,1
很火,1
人蛮,1
口有,1
尿,1
臭味,1
无关,1
周道,1
新亮点,1
发扎,1
袋子,1
换钱,2
卫生状况,1
集体,1
拉稀,1
两元,1
嫂子,1
聚哈惨,1
很酷,1
窗口,1
占,1
杨家坪,1
信不信,1
随心,1
短,1
吃了饭,1
拿菜,2
柜台,1
错菜式,1
出菜口,1
菜梗,1
低,1
时要,2
椅子,1
靠背,1
套套,1
防油,1
防脏,1
幺,1
加热,1
观察,1
装不下,1
冰沙,1
早菜,1
迪免,1
就别,1
负菜,1
三樓,1
發現,1
扶梯,1
壞,1
停運,1
為,1
這,1
裏,1
倒閉,1
差點,1
選擇,1
拂袖而去,1
還需交,1
湯料費,1
費,1
總體,1
下來,1
五十元,1
逐漸,1
太受,1
歡迎,1
飽,1
才終,1
於,1
搶,1
一盤,1
OTZ,1
還送,1
涼,1
解膩,1
我觉,1
规格,1
小妹妹,1
一轮,1
说不上,1
老油,1
星级,1
快敢,1
残疾儿童,1
免单,1
伧,1
毛起整,1
干不了,1
孤独寂寞,1
不赖,1
烦,1
来家福,1
当季,1
工作调动,1
扎啤,2
大排档,2
一扎,1
小票,2
大蒜,2
最终,1
要少放,1
kfc,1
纸糊,2
ps,1
托哈,1
拉才,1
奥莱,1
必胜客,1
直梯,1
一票,1
全包,1
笑嘻嘻,1
太厚道,1
几颗,1
迪给,1
48,1
不及,1
电影票,1
之喜,1
666,1
等级,1
二十次,1
处于,1
核心,1
区域,1
同感,1
🤗,2
跨年,1
夜去,1
美丽,1
中西,1
韩,1
骨肉相连,1
✪,4
廉价,1
充电,1
线,1
不含糊,1
外出,1
游玩,1
几位,1
💐,2
中类,1
两不误,1
抽烟,1
效果,1
